iter	Logloss
0	0.5170643379
1	0.4348696497
2	0.3933633879
3	0.3607627227
4	0.3423798682
5	0.3284367802
6	0.3174119742
7	0.3082671458
8	0.2995098931
9	0.2869379457
